learning_rate,n_centers,seed,steps_to_10_successes,reached_target,total_successes,episodes
0.005,9,42,50000,False,7,251
0.005,9,43,50000,False,7,251
0.005,9,44,50000,False,9,251
0.005,9,45,46282,True,10,233
0.005,9,46,50000,False,3,250
0.005,9,47,50000,False,5,250
0.005,9,48,50000,False,5,250
0.005,9,49,50000,False,8,251
0.005,9,50,50000,False,9,251
0.005,9,51,50000,False,6,250
0.005,16,42,50000,False,8,251
0.005,16,43,50000,False,0,250
0.005,16,44,50000,False,3,250
0.005,16,45,50000,False,0,250
0.005,16,46,50000,False,1,250
0.005,16,47,50000,False,0,250
0.005,16,48,50000,False,1,250
0.005,16,49,50000,False,3,250
0.005,16,50,50000,False,2,250
0.005,16,51,50000,False,5,250
0.005,25,42,32480,True,10,164
0.005,25,43,35527,True,10,179
0.005,25,44,36696,True,10,185
0.005,25,45,36009,True,10,182
0.005,25,46,35863,True,10,181
0.005,25,47,37998,True,10,192
0.005,25,48,34846,True,10,176
0.005,25,49,34763,True,10,175
0.005,25,50,36461,True,10,184
0.005,25,51,35294,True,10,178
0.005,36,42,24177,True,10,123
0.005,36,43,26795,True,10,135
0.005,36,44,23323,True,10,118
0.005,36,45,28127,True,10,143
0.005,36,46,26744,True,10,135
0.005,36,47,24513,True,10,124
0.005,36,48,24415,True,10,124
0.005,36,49,24643,True,10,125
0.005,36,50,26439,True,10,134
0.005,36,51,22977,True,10,117
0.005,49,42,19668,True,10,100
0.005,49,43,18448,True,10,94
0.005,49,44,19690,True,10,100
0.005,49,45,19540,True,10,99
0.005,49,46,18301,True,10,93
0.005,49,47,19691,True,10,100
0.005,49,48,20820,True,10,106
0.005,49,49,20976,True,10,106
0.005,49,50,19882,True,10,101
0.005,49,51,18811,True,10,96
0.01,9,42,50000,False,7,250
0.01,9,43,50000,False,5,250
0.01,9,44,50000,False,7,251
0.01,9,45,50000,False,6,251
0.01,9,46,50000,False,8,251
0.01,9,47,50000,False,7,250
0.01,9,48,50000,False,4,250
0.01,9,49,50000,False,6,251
0.01,9,50,50000,False,4,250
0.01,9,51,46058,True,10,232
0.01,16,42,37385,True,10,188
0.01,16,43,31893,True,10,161
0.01,16,44,36548,True,10,184
0.01,16,45,35353,True,10,179
0.01,16,46,31457,True,10,158
0.01,16,47,38787,True,10,195
0.01,16,48,32672,True,10,165
0.01,16,49,37939,True,10,191
0.01,16,50,38604,True,10,195
0.01,16,51,37403,True,10,189
0.01,25,42,23420,True,10,119
0.01,25,43,21231,True,10,108
0.01,25,44,21697,True,10,110
0.01,25,45,21339,True,10,108
0.01,25,46,23145,True,10,117
0.01,25,47,21228,True,10,108
0.01,25,48,20038,True,10,102
0.01,25,49,21321,True,10,108
0.01,25,50,20123,True,10,102
0.01,25,51,20437,True,10,104
0.01,36,42,15922,True,10,81
0.01,36,43,14355,True,10,73
0.01,36,44,15656,True,10,80
0.01,36,45,16700,True,10,85
0.01,36,46,15430,True,10,79
0.01,36,47,16202,True,10,83
0.01,36,48,14708,True,10,75
0.01,36,49,16650,True,10,85
0.01,36,50,15706,True,10,80
0.01,36,51,14810,True,10,76
0.01,49,42,11681,True,10,60
0.01,49,43,12957,True,10,67
0.01,49,44,10617,True,10,55
0.01,49,45,12885,True,10,66
0.01,49,46,10450,True,10,54
0.01,49,47,11819,True,10,61
0.01,49,48,12913,True,10,67
0.01,49,49,11428,True,10,59
0.01,49,50,11684,True,10,60
0.01,49,51,12028,True,10,62
0.02,9,42,50000,False,9,251
0.02,9,43,50000,False,7,251
0.02,9,44,50000,False,2,250
0.02,9,45,50000,False,3,250
0.02,9,46,50000,False,6,250
0.02,9,47,50000,False,2,250
0.02,9,48,43252,True,10,218
0.02,9,49,50000,False,4,250
0.02,9,50,50000,False,8,251
0.02,9,51,50000,False,6,250
0.02,16,42,18671,True,10,95
0.02,16,43,20967,True,10,107
0.02,16,44,20405,True,10,103
0.02,16,45,21483,True,10,109
0.02,16,46,19138,True,10,98
0.02,16,47,18554,True,10,95
0.02,16,48,20857,True,10,106
0.02,16,49,23447,True,10,118
0.02,16,50,21481,True,10,109
0.02,16,51,21505,True,10,109
0.02,25,42,14046,True,10,72
0.02,25,43,14899,True,10,76
0.02,25,44,13331,True,10,68
0.02,25,45,13508,True,10,70
0.02,25,46,12717,True,10,65
0.02,25,47,12969,True,10,66
0.02,25,48,11251,True,10,58
0.02,25,49,12396,True,10,64
0.02,25,50,13416,True,10,69
0.02,25,51,11525,True,10,59
0.02,36,42,9707,True,10,50
0.02,36,43,8455,True,10,44
0.02,36,44,11287,True,10,58
0.02,36,45,9567,True,10,49
0.02,36,46,9485,True,10,49
0.02,36,47,9224,True,10,48
0.02,36,48,11347,True,10,58
0.02,36,49,8499,True,10,44
0.02,36,50,9716,True,10,50
0.02,36,51,10378,True,10,53
0.02,49,42,7589,True,10,40
0.02,49,43,7370,True,10,38
0.02,49,44,7602,True,10,40
0.02,49,45,7058,True,10,37
0.02,49,46,6821,True,10,36
0.02,49,47,5972,True,10,31
0.02,49,48,7084,True,10,37
0.02,49,49,6896,True,10,36
0.02,49,50,7184,True,10,38
0.02,49,51,7245,True,10,38
0.05,9,42,50000,False,6,251
0.05,9,43,49681,True,10,250
0.05,9,44,46779,True,10,236
0.05,9,45,50000,False,6,251
0.05,9,46,50000,False,8,251
0.05,9,47,46060,True,10,232
0.05,9,48,38542,True,10,194
0.05,9,49,50000,False,9,250
0.05,9,50,50000,False,7,251
0.05,9,51,50000,False,9,251
0.05,16,42,11943,True,10,63
0.05,16,43,9728,True,10,51
0.05,16,44,8916,True,10,46
0.05,16,45,10080,True,10,52
0.05,16,46,9931,True,10,52
0.05,16,47,12329,True,10,65
0.05,16,48,16119,True,10,82
0.05,16,49,9230,True,10,48
0.05,16,50,9206,True,10,48
0.05,16,51,10383,True,10,54
0.05,25,42,7670,True,10,40
0.05,25,43,6872,True,10,36
0.05,25,44,7013,True,10,37
0.05,25,45,6464,True,10,34
0.05,25,46,6296,True,10,33
0.05,25,47,6214,True,10,33
0.05,25,48,6492,True,10,34
0.05,25,49,6437,True,10,34
0.05,25,50,6970,True,10,37
0.05,25,51,6664,True,10,35
0.05,36,42,5042,True,10,27
0.05,36,43,5366,True,10,29
0.05,36,44,5338,True,10,28
0.05,36,45,6283,True,10,33
0.05,36,46,5136,True,10,27
0.05,36,47,4732,True,10,25
0.05,36,48,4524,True,10,24
0.05,36,49,5719,True,10,31
0.05,36,50,4609,True,10,25
0.05,36,51,4883,True,10,26
0.05,49,42,4641,True,10,26
0.05,49,43,4432,True,10,24
0.05,49,44,4578,True,10,25
0.05,49,45,4483,True,10,26
0.05,49,46,4751,True,10,26
0.05,49,47,4192,True,10,23
0.05,49,48,4960,True,10,27
0.05,49,49,3912,True,10,22
0.05,49,50,4598,True,10,25
0.05,49,51,4345,True,10,24
0.1,9,42,31027,True,10,157
0.1,9,43,45619,True,10,230
0.1,9,44,38419,True,10,194
0.1,9,45,41170,True,10,207
0.1,9,46,50000,False,8,251
0.1,9,47,49513,True,10,249
0.1,9,48,50000,False,8,250
0.1,9,49,46873,True,10,236
0.1,9,50,46082,True,10,232
0.1,9,51,37717,True,10,190
0.1,16,42,9166,True,10,48
0.1,16,43,6657,True,10,36
0.1,16,44,10595,True,10,56
0.1,16,45,6467,True,10,34
0.1,16,46,6347,True,10,34
0.1,16,47,6714,True,10,36
0.1,16,48,5816,True,10,31
0.1,16,49,6614,True,10,35
0.1,16,50,6148,True,10,33
0.1,16,51,7903,True,10,42
0.1,25,42,4007,True,10,22
0.1,25,43,5753,True,10,31
0.1,25,44,3980,True,10,22
0.1,25,45,4691,True,10,26
0.1,25,46,4970,True,10,28
0.1,25,47,5222,True,10,28
0.1,25,48,4622,True,10,25
0.1,25,49,5545,True,10,30
0.1,25,50,4266,True,10,23
0.1,25,51,4617,True,10,25
0.1,36,42,3605,True,10,20
0.1,36,43,4011,True,10,22
0.1,36,44,3375,True,10,19
0.1,36,45,3834,True,10,22
0.1,36,46,3621,True,10,21
0.1,36,47,3734,True,10,20
0.1,36,48,4122,True,10,22
0.1,36,49,3545,True,10,20
0.1,36,50,3482,True,10,19
0.1,36,51,3037,True,10,18
0.1,49,42,2749,True,10,16
0.1,49,43,4612,True,10,26
0.1,49,44,3411,True,10,20
0.1,49,45,3090,True,10,18
0.1,49,46,2767,True,10,16
0.1,49,47,4416,True,10,25
0.1,49,48,3217,True,10,18
0.1,49,49,3242,True,10,19
0.1,49,50,3055,True,10,18
0.1,49,51,3489,True,10,20
